name,z,chandra_n,chandra_ks_total,chandra_ks_max,xmm_n,xmm_ks_total,xmm_ks_max
A2052,0.0353,11,662.66,128.63,18,383.97700000000003,44.536
RX J0820.9+0751,0.11,11,326.98,40.0,6,304.79200000000003,103.6
A1650,0.0845,8,232.98000000000002,40.13,1,39.88,39.88
A401,0.0739,3,166.82000000000002,136.86,1,14.072,14.072
A2495,0.0768,7,138.77,32.86,0,0.0,0.0
A2443,0.1072,2,114.77000000000001,99.54,1,111.8,111.8
A2589,0.0416,4,93.57000000000001,54.13,1,46.907,46.907
MKW 3s,0.0442,1,58.03,58.03,3,232.088,119.6
A119,0.0442,2,57.72,45.63,4,77.558,30.728
A2063,0.0355,4,50.32,17.04,2,50.131,28.615
A399,0.0722,1,49.28,49.28,2,38.594,24.275
A2440,0.0906,2,29.61,20.09,1,46.711,46.711
A1750,0.0852,1,20.05,20.05,1,29.186,29.186
A2147,0.0353,1,18.12,18.12,4,51.274,15.9
A2050,0.1181,1,15.07,15.07,1,28.413,28.413
RXC J1217.6+0339,0.0766,1,12.22,12.22,1,29.215,29.215
A2033,0.0817,1,9.08,9.08,0,0.0,0.0
A1307,0.0834,1,9.08,9.08,1,27.0,27.0
A763,0.0851,1,5.13,5.13,0,0.0,0.0
A2055,0.1021,0,0.0,0.0,1,8.508,8.508
A2703,0.1164,0,0.0,0.0,0,0.0,0.0
A2051,0.1198,0,0.0,0.0,0,0.0,0.0
RXC J0034.2-0204,0.0822,0,0.0,0.0,0,0.0,0.0
RXC J0034.6-0208,0.0812,0,0.0,0.0,4,64.681,21.948
A1205,0.078,0,0.0,0.0,2,26.62,16.92
A1809,0.0788,0,0.0,0.0,1,13.0,13.0
