name,key,z,nh_1e22,ratio_kT3,ratio_kT5,ratio_kT8
A1650,A1650,0.0845,0.0128,0.9963837454888808,0.9965312871684489,0.9966132227373027
RXC J1217.6+0339,RXCJ1217.6+0339,0.0766,0.0167,0.9913930650379925,0.991738681638649,0.9919300620212887
RX J0820.9+0751,RXJ0820.9+0751,0.11,0.0187,0.9888189864327005,0.9892779400167283,0.9895350573517687
A1809,A1809,0.0788,0.0193,0.9880814098403785,0.9885609342309625,0.9888261153278136
A2063,A2063,0.0355,0.0257,0.9801968903376646,0.9809042995268645,0.9812982815310433
A763,A763,0.0851,0.026,0.9796200938977855,0.9804421681227256,0.9808979087144487
A2052,A2052,0.0353,0.0262,0.979578144789458,0.9803066070412051,0.9807123213566046
A2033,A2033,0.0817,0.0269,0.9785028798082124,0.9793651726318585,0.9798434776457539
A2147,A2147,0.0353,0.0269,0.9787109454179074,0.979469888209303,0.9798925580839605
A1750,A1750,0.0852,0.0271,0.978243750109312,0.9791204537231856,0.9796063394311499
MKW 3s,MKW3S,0.0442,0.028,0.9773092924730383,0.9781362343337552,0.9785966747706767
RXC J0034.2-0204,RXCJ0034.2-0204,0.0822,0.0285,0.9765043866656828,0.977446802875325,0.9779688070395238
RXC J0034.6-0208,RXCJ0034.6-0208,0.0812,0.0289,0.9760115862679324,0.976971136781069,0.9775026559583436
A2055,A2055,0.1021,0.0293,0.9755008855504945,0.9764833279850516,0.9770333055245413
A2589,A2589,0.0416,0.0296,0.9753442129067796,0.976236447625294,0.9767331621481851
A1307,A1307,0.0834,0.0305,0.9740142054461807,0.9750560279586643,0.9756326977544119
A119,A119,0.0442,0.0328,0.9713978818189314,0.9724360235436419,0.9730138874912675
A1205,A1205,0.078,0.0365,0.9666396135877476,0.9679576062982438,0.968688569873266
A2703,A2703,0.1164,0.0367,0.9662844657352482,0.9676622450521573,0.9684316768596406
A2051,A2051,0.1198,0.0375,0.9652872765729836,0.9667103345653908,0.9675057081205207
A2050,A2050,0.1181,0.0427,0.9589492150380158,0.9606197150940815,0.9615535370378312
A2495,A2495,0.0768,0.0441,0.9574051360408338,0.9590747575178212,0.9599975007935456
A2443,A2443,0.1072,0.051,0.9490369338599971,0.9510578249041006,0.9521873387321572
A2440,A2440,0.0906,0.0511,0.9489771140181279,0.9509768901271619,0.9520897844122311
A399,A399,0.0722,0.0995,0.8940010200475546,0.8979286031920165,0.9000992599843427
A401,A401,0.0739,0.1,0.8934120711907114,0.8973800788440093,0.8995721772457457
