cluster,key,z,m200c,m200c_lo,m200c_hi,m500c,m500c_lo,m500c_hi,log_m500c,frac_err,c200,r500c_mpc,chi2,has_lotss,lx
A754,A754,0.0542,1394844322103484.0,1186323542286625.5,1611263719705737.5,925852418485391.5,790080140165758.5,1066296548431147.2,14.96654176535855,0.1523253063747947,3.3100537348297205,1.4567657885312613,1.238762256211019,False,3.85e+44
A761,A761,0.0916,1320440195150351.2,1124327322544878.4,1529950528477986.8,874452768917642.0,747069874182069.1,1010076899649466.2,14.941736357265368,0.15359393307734104,3.277665047976109,1.4121542207782387,1.2271614540660258,False,1.06e+44
A2029,A2029,0.0766,1281872478825407.8,1148379093640239.0,1429422082423608.2,850596431736199.4,763752115305636.5,946354582970201.8,14.929723556510465,0.10962205423151439,3.305568871564659,1.406048051118256,1.161536113411041,False,8.730000000000001e+44
A401,A401,0.0739,1242623885040738.0,1022592950667195.6,1466187229167013.2,825288278718416.5,681886205488643.0,970421519551573.9,14.916605677020092,0.17849096731521255,3.3182444092272676,1.3931779655776284,1.330272018141463,True,6.09e+44
A3266,A3266,0.0589,1228590419354014.0,1070149734352682.0,1396781754909638.0,817285088584610.5,713908353849919.2,926705920726086.6,14.91237357526225,0.13292958149905534,3.3413758055663947,1.3953559736635808,1.1859671472201343,False,3.98e+44
A1285,A1285,0.1068,909216293307579.8,752715431501388.5,1072517481471629.0,605966653666049.4,503600281744190.75,712373147160734.2,14.782448725606393,0.17586687146072422,3.368625894292551,1.2433915877886468,1.1800628903429666,False,2.61e+44
A1650,A1650,0.0845,906240358412195.2,754062179929796.6,1070586791138003.2,605217242385837.1,505469282089527.0,712535641806351.6,14.781911292395357,0.1746361262054047,3.398676358776325,1.2520310632063953,1.134014560996693,True,3.47e+44
A3158,A3158,0.059,851416896382619.9,717882628105234.0,984377937364828.4,570629769236416.5,482785552195957.8,657803650404415.1,14.75635442466046,0.15650106921288623,3.4520938107059793,1.237840819973805,1.142115657221919,False,2.7600000000000003e+44
RXCJ1217.6+0339,RXCJ1217.6+0339,0.0766,833719510570519.8,673554408885865.2,1013234732538352.8,558123304494499.0,452843624567347.5,675608410670497.1,14.746730156904869,0.20371379063687858,3.4345798884954086,1.2218063077396761,1.194962538392953,True,2.74e+44
A2721,A2721,0.1147,785064701203181.4,664111424131726.2,916141151405971.4,524434371222737.75,445143910806870.9,610064112989940.6,14.71969114744062,0.16051525873471778,3.4027033157505224,1.1818050711158015,1.1234138953459796,False,1.8100000000000002e+44
A42,A42,0.112,767680189433074.9,630527791947530.9,920024865988623.6,513175250286555.2,423173458044341.94,612741844605756.2,14.710265702801935,0.18855317489362583,3.412982614159045,1.174344323467433,1.1332951771347692,False,1.4e+44
A3528,A3528,0.0544,761002840309473.4,625555307015850.4,905832228812439.8,511398511083171.3,422021878057716.44,606592785602787.4,14.708759459260703,0.184149721230088,3.4931697411256475,1.1951839556203585,1.1502367091572376,False,1.0900000000000001e+44
A3558,A3558,0.048,740559623895337.4,611088307255773.9,889259504739168.4,498219386133464.1,412688428818805.1,596064795382421.8,14.697420622291187,0.18781147966197262,3.5106541063293952,1.187227511818055,1.2400697068599469,False,3.14e+44
A3827,A3827,0.098,713575431516009.0,606565908479482.5,829512640811111.8,478296339983375.75,407899218327740.9,554312518095211.9,14.679697057578831,0.1562180552222582,3.453671352627966,1.1524493724335225,1.1704741033850592,False,4.2000000000000005e+44
A2440,A2440,0.0906,711474338743034.9,577642190794023.8,854147557614618.4,477224838849672.06,389076472810474.44,570807044813800.0,14.678723039974438,0.19431858028013912,3.46445029842756,1.15439214966795,1.25827980930675,True,1.9e+44
A3822,A3822,0.076,699018612273524.9,581592596141340.0,833349848897513.1,469639359418285.75,392181987934525.8,557910721032123.4,14.671764487008437,0.18007907681981786,3.4896917726149814,1.1537138884190368,1.191253620711033,False,2.1000000000000003e+44
A1651,A1651,0.0845,693739529099461.1,562646185095268.94,826378641273933.8,465814593236212.1,379374419290320.1,552919529710939.06,14.668213090172648,0.19008031481283347,3.480470762325779,1.1474022659713103,1.1328453011222228,False,3.85e+44
A2443,A2443,0.1072,684279456824456.6,563920351418688.4,817661570035128.2,458681625301620.56,379473890116719.44,546112996039797.2,14.66151134272638,0.1854075963305837,3.454396298686455,1.1330205077349838,1.2389874237578569,True,1.7100000000000002e+44
A3126,A3126,0.0853,653362759251529.1,540713868845755.75,772513199981803.6,439200461970245.0,364848352711005.1,517548198071132.9,14.642662788252196,0.17738945773523238,3.4980063173679654,1.1248268281648208,1.1892594638146838,False,1.47e+44
A2050,A2050,0.1181,646715214858175.1,506661046561824.5,790397937584275.8,433589373287839.4,341354955419802.4,527768726578090.1,14.637078629667307,0.2193677251622067,3.4574750009542456,1.1079349309682047,1.2218141713241146,True,1.69e+44
A2670,A2670,0.0765,621158347532131.6,489216553421009.7,755311305245667.9,418296159659164.3,331004611674871.6,506648201190017.4,14.621483877378886,0.21419236566799377,3.5258709804869333,1.109858617793698,1.144758716618437,False,1.3400000000000001e+44
A85,A85,0.0555,619359475928251.6,488119493110036.0,769072781775943.1,417883421625152.7,330881834935507.1,516661071713172.75,14.621055142046878,0.22680955049959836,3.5562236152767803,1.1169877176893948,1.1699697976009409,False,5.1000000000000005e+44
APMCC699,APMCC699,0.0824,612747535711663.0,482271205186094.9,743177298546327.6,412531232967131.1,326230888887512.75,498411315272902.7,14.615456834805423,0.21289852521169975,3.5220185675247824,1.1026234998109474,1.2378645795196157,False,1.68e+44
A1750,A1750,0.0852,608847407615926.8,485715195828578.4,745804095101807.5,409857558729853.8,328435436219153.9,500013876038346.94,14.61263294890024,0.21359120201534837,3.520180748650196,1.099233316006123,1.1770336065478617,True,2.1300000000000002e+44
RXCJ1215.4-3900,RXCJ1215.4-3900,0.119,587191074920653.2,433591055147851.8,754339618635586.9,394416675720155.7,293005418214901.7,504132004799642.6,14.595955268389218,0.2731211160958787,3.486130806576393,1.0731871373645645,1.309029188140206,False,1.83e+44
MKW3s,MKW3S,0.0442,580509526749976.4,461116228593390.4,714941653139257.6,392567797125329.5,313234958747297.6,481487812428484.1,14.593914670953286,0.21862296211306542,3.593069327423385,1.0978707424339011,1.1841303446200222,True,1.48e+44
RXCJ0034.6-0208,RXCJ0034.6-0208,0.0812,564134225299945.8,428602897371531.4,704894200624773.0,380466876030759.1,290627860689948.2,473290177926724.3,14.5803168524778,0.24488081990269223,3.549686184838604,1.0737010161782334,1.1031128437265545,True,1.2500000000000001e+44
A119,A119,0.0442,560720789966321.8,436291799223687.2,694256793357985.5,379444314497377.4,296689879174063.2,467830494354079.9,14.579148049846825,0.23002981051388544,3.6041775446807667,1.0854979422854207,1.1552696059841314,True,1.44e+44
A2941,A2941,0.1168,560076184029123.3,435103292090173.25,694493263808473.4,376630425591266.56,294061242658296.1,465003721191629.3,14.575915401003687,0.23156668602856728,3.5037388800792137,1.0575857352941562,1.1810288735400245,False,2.01e+44
A4038,A4038,0.03,549764240535565.75,420770970513943.5,687831153190139.0,372647366317428.6,286694309416991.94,464183463118943.5,14.571298056204,0.24288609824461532,3.6314354567289993,1.0837661899932065,1.166396795040221,False,1.03e+44
A3836,A3836,0.1065,548020135532082.7,432957572426045.06,670170694116932.6,369006756437005.2,292892707335408.2,449440318566534.1,14.567034318073548,0.2164273776734253,3.5242844806818163,1.0540140010475547,1.1925782962610838,False,1.55e+44
A3998,A3998,0.0894,544687034996968.8,411952833873055.9,706283957793167.1,367345759474794.1,279358454229085.8,473863033741487.9,14.565075030848895,0.27018370643038087,3.549451031158948,1.0583793204276126,1.1543962896055482,False,1.6300000000000002e+44
A2384,A2384,0.0943,538122592109690.06,432627674089056.5,651365578828035.6,362852694358855.5,292976004011704.0,437541291449466.94,14.55973035227863,0.20324170360644506,3.546560365632435,1.0523540264595157,1.1416078611863858,False,1.6600000000000001e+44
A458,A458,0.1057,522142212225280.0,425599453906331.3,629865950650052.0,351944482968589.25,288031352599508.6,422967111170537.7,14.546474161654404,0.19560427404745934,3.540570101249966,1.0377871681141209,1.1316382148321984,False,1.4600000000000001e+44
A3911,A3911,0.0965,519382760870215.7,416807433038611.6,628639183523613.0,350396594074280.56,282415802609123.44,422495381705496.75,14.544559876086412,0.20392643580437808,3.554752032840458,1.0394192369099784,1.161003541563577,False,2.57e+44
A2415,A2415,0.0582,514039418800070.4,384281395598350.1,658617693822978.5,348016963258586.9,261643630207739.9,443722574901242.25,14.541600413113397,0.26684363901995645,3.6118114513536432,1.0500035112776789,1.2200394966643189,False,1.11e+44
A2377,A2377,0.0808,507216926924914.8,388693647255969.6,639238691984705.2,342812251667520.7,264076992103951.12,430063262029600.56,14.535056334652904,0.24698016906465026,3.5840047068688845,1.0371772157939136,1.2408864247282507,False,1.0900000000000001e+44
A2426,A2426,0.098,495441980757170.9,393260411293828.1,605479367934120.5,334514557882181.8,266730145715804.44,407183147524308.56,14.524415022762508,0.2141713509177843,3.567654575579726,1.0229659482598772,1.2046016852312804,False,2.77e+44
A2811,A2811,0.1082,486718847624442.1,384790573849340.5,591501685549492.8,328455341239458.9,260873053251168.12,397620169122798.0,14.516476328624123,0.21235166124042615,3.5593830807549716,1.0133242859645264,1.1440195258489931,False,2.73e+44
A2351,A2351,0.0897,485066076527071.2,369754355721547.0,619332386723883.9,327878442027695.6,251263652622451.8,416610477201269.3,14.51571286279258,0.25726188975040404,3.585845158515409,1.0189306900383708,1.3130497335487366,False,1.79e+44
A2703,A2703,0.1164,472994857201857.3,340330283687710.7,623913243776479.0,319153749010246.6,231125785891337.03,418665271623077.56,14.503999950332172,0.29977383027628274,3.557370974821926,1.0009258482532495,1.2158044580429892,True,1.5800000000000001e+44
A1205,A1205,0.078,467352172151106.4,368679437465629.5,574771356382984.4,316453974612564.94,250795775070307.1,387605272122137.8,14.500310554715778,0.22048888525409518,3.614164278747934,1.0108008243606306,1.176681913556385,True,1.0900000000000001e+44
A3112,A3112,0.0752,461775307320767.75,369345086836262.2,562666349579456.25,312826845982699.94,251299714935825.9,379694957768534.44,14.495304016005004,0.20932395006659085,3.622000843561396,1.0078370343268237,1.14603599426931,False,3.82e+44
A2420,A2420,0.0846,451723223073782.4,351933912936696.56,553129661505049.2,305901689864859.8,239485728484655.12,373080710119843.5,14.48558187612478,0.22269803531386104,3.6157960784507406,0.9972969191952434,1.2022170238211185,False,2.67e+44
A133,A133,0.0569,448398530538698.1,364434687761271.8,535048753691963.7,304422174409846.3,248411972175826.47,361997485342571.06,14.483476283686873,0.19024824381752448,3.6578924226232106,1.0046056707119544,1.143715478099646,False,1.4600000000000001e+44
RXCJ1539.5-8335,RXCJ1539.5-8335,0.0728,448152746247779.6,263177002913230.2,661194966883737.0,303839045773826.44,180264722159749.7,444847815563196.6,14.482643583465176,0.44406507301691983,3.6350928432993883,0.9988648633596069,1.4561914133409066,False,2.24e+44
RXCJ1139.4-3327,RXCJ1139.4-3327,0.1076,423644461054753.06,327501951290001.94,526905104249093.6,286688371955106.1,222741504893156.2,355033327034245.3,14.457410078373254,0.23534257058694347,3.604446682867235,0.9686041022677033,1.2590843971445602,False,1.22e+44
A2988,A2988,0.115,423213012470233.6,322715032687887.6,526575744598306.1,286224478590919.0,219414249491570.4,354592932072782.06,14.456706772898102,0.2408488230554547,3.5946581848475403,0.9656969244739069,1.1165825895105108,False,1.16e+44
A2052,A2052,0.0353,412022640691297.25,282521642797665.0,570907101376249.9,280715630571470.53,193872500050137.28,386508723786854.3,14.448266595327512,0.34996312107355043,3.7177949000270942,0.9844880535691072,1.1538806231219068,True,1.44e+44
A1644,A1644,0.0473,406068589934183.5,314139112510521.44,508907177618725.6,276445489308584.16,214914806898331.72,344941345580687.9,14.4416095080589,0.23982163350749763,3.704554546645999,0.9757967652575613,1.1857990433129806,False,1.9e+44
RBS1847,RBS1847,0.0951,399512107684807.3,298237084284280.7,507187596008749.9,270953295454820.97,203414610150548.28,342371276319426.25,14.43289443746371,0.26150710792640036,3.640706640998267,0.9544847811119025,1.207993884880261,False,1.86e+44
RXCJ2344.2-0422,RXCJ2344.2-0422,0.0786,397609488543500.25,305204092609062.4,496842837898657.3,270066121131105.72,208361529208525.62,336001308182508.44,14.43147010685073,0.2409886469153374,3.665663545008388,0.9585931200919859,1.154954098984087,False,1.85e+44
RXCJ2218.2-0350,RXCJ2218.2-0350,0.0901,397451663967860.1,285392801743331.2,527456716360442.6,269697100059693.38,194899128160553.53,355930525932006.56,14.43087627669077,0.30451994111752656,3.6494233470112083,0.9545724644947867,1.2540486182936952,False,1.73e+44
RXCJ2125.2-0657,RXCJ2125.2-0657,0.1153,381612948514928.5,267098196155664.56,512195669549033.6,258607598789879.3,182258568995558.94,345090852823562.0,14.412641281812855,0.3211335914402037,3.627501422649891,0.9334881261991287,1.4135837561433544,False,1.02e+44
A1348,A1348,0.1195,372177522016698.6,268501971474255.72,488459872319723.7,252249065830273.94,183135483425757.4,329292720593393.5,14.401829566562037,0.29550132374141475,3.629831073084244,0.9244726532581816,1.177067872083876,False,1.8900000000000002e+44
ACOS1111,ACOS1111,0.045,340333335155811.1,248791678304720.62,450589612223910.7,232526650876669.28,170992319975609.3,306199869870932.06,14.366472736431815,0.2964710080880016,3.766732434741546,0.9217816913926046,1.157353923228385,False,1.41e+44
A2597,A2597,0.0852,337541062208106.44,258882183659759.25,427396145777795.5,229865084930874.2,177195165781520.8,289726462873878.0,14.361473009662438,0.24961994403830667,3.7099251541045555,0.9065043718665662,1.1424464503878349,False,3.5600000000000002e+44
A496,A496,0.0326,333048383021963.4,239052867176518.7,448382131494967.9,227888486470546.56,164595460350036.8,305062813518819.06,14.357722384028028,0.31426254410705945,3.793052366826535,0.9191652458084375,1.3362500954084469,False,1.85e+44
A4067,A4067,0.0989,333389468579604.25,225785030229763.1,464344327406801.5,226831563833413.3,154767741533169.78,313895126445963.0,14.355703486926751,0.3577786937803001,3.6944030972189785,0.8984524495952957,1.1473812946720978,False,1.0500000000000001e+44
A2554,A2554,0.1108,321495180968374.9,236355731348025.0,415252225423043.6,218676601622622.7,161716709379442.28,281044102715198.8,14.339802316051738,0.2782257785889122,3.6895591792444526,0.8840592057764001,1.1572878920123448,False,1.43e+44
A2556,A2556,0.0871,320611861482988.25,236874823703004.28,413825920898229.7,218517760212074.7,162379349395541.53,280658687813969.62,14.339486740384913,0.2759584383072092,3.7242037711973945,0.8907828358320641,1.1517617227849923,False,1.51e+44
A1809,A1809,0.0788,316947480317686.6,228118879743243.2,417624306364240.4,216218689066976.8,156595325311609.47,283385006709450.7,14.334893229894204,0.29895398826179315,3.7400929891736943,0.8900488652868809,1.1676659753045109,True,1.04e+44
A4068,A4068,0.1024,316925267310003.6,192949249469230.28,447696344297721.0,215777740206206.75,132613911987489.27,302768862924435.1,14.334006640512607,0.4019040466396567,3.7061162738152906,0.882593279296382,1.143738539720876,False,1.23e+44
RXCJ0049.4-2931,RXCJ0049.4-2931,0.1084,313967872166109.25,234447408223040.88,402713495948872.06,213696742214618.84,160466951048377.66,272776572259927.62,14.32979790143876,0.267967047973634,3.7007234492527994,0.8779978087633169,1.139730292886486,False,1.44e+44
RXCJ0351.1-8212,RXCJ0351.1-8212,0.0613,310741727288829.94,210326118353106.9,424509029081679.3,212379881413248.66,144810888930527.9,288399683141446.1,14.327113373967624,0.3446317181108614,3.7726288221569892,0.8897458130419148,1.2633164687572178,False,1.2e+44
A2871,A2871,0.1186,302690946837164.7,133236912888778.44,468110753423569.94,205994033173849.94,92087113615267.16,315864731269791.4,14.313854640771087,0.5531613086448534,3.698465948222863,0.8643709328071106,1.1513644792919795,False,1.16e+44
RXCJ2313.9-4244,RXCJ2313.9-4244,0.0564,293809341384616.4,182104057669548.0,416916173824344.25,201105229821221.16,125766327329905.39,283460980069313.1,14.303423364743756,0.3995994733322846,3.7989005620804233,0.8750784684384783,1.1534565023926682,False,1.8100000000000002e+44
RXCJ1459.0-0843,RXCJ1459.0-0843,0.1043,293266372837652.0,205997266840728.1,394945535045559.5,199936562344259.6,141386317038867.5,267708912499956.12,14.300892220693358,0.32214444904910805,3.729084801550662,0.8599025712075866,1.2313761276436903,False,1e+44
RBS0540,RBS0540,0.0397,289178963401872.1,187893235566214.4,413003405164952.7,198278638324748.34,129870366176705.7,281262025067884.75,14.29727592773322,0.389222934736616,3.8299430422017,0.8755562328668628,1.319719744931133,False,1.08e+44
A2837,A2837,0.1141,284947821157853.8,197471681048933.6,387284909899505.7,194216373434062.06,135535732847893.64,262401786561573.75,14.288285840362471,0.333066643709166,3.7247337064192623,0.8488503550268318,1.25306441676242,False,3.39e+44
RXCJ1558.3-1410,RXCJ1558.3-1410,0.097,283892683260909.6,180892280291381.0,401523786004387.1,193783328212084.3,124531310233010.67,272247271519860.66,14.2873164106046,0.3885825854663472,3.750364035109424,0.8530439706159267,1.3713374831263916,False,3.18e+44
A1307,A1307,0.0834,280102115777200.25,194398708601308.62,374478936847754.3,191461101424791.3,133797434326113.77,254547206000905.1,14.282080552964981,0.32145460191683395,3.774672702555272,0.8534153995430961,1.1255549054867495,True,2.07e+44
A3814,A3814,0.1184,279678905634126.9,186366305029615.47,382177384400474.4,190626615599975.97,128008757241002.16,258915942564154.38,14.280183537441976,0.3500640831794032,3.7248658012909392,0.8423751851339908,1.13727293125371,False,2.0500000000000002e+44
A4059,A4059,0.0475,266519159923275.3,180595748866308.0,370237652967162.3,182900752689623.6,124835984771140.84,252496227792853.72,14.262215492727798,0.3557753674359619,3.845709842274836,0.8502252647118922,1.151189683927189,False,1.6300000000000002e+44
A4010,A4010,0.0957,264164811613689.03,165759710127623.38,379589570348599.2,180584691656683.97,114311006143609.03,257685251945890.1,14.256680931964121,0.40472812959978494,3.7763704674886553,0.8335764894087714,1.2011350632235935,False,2.4200000000000002e+44
RXCJ1416.8-1158,RXCJ1416.8-1158,0.0982,244061877454889.03,149969656538951.62,360893605646919.25,167059106054157.38,103592763843722.12,245182519988774.84,14.222870153133616,0.43211162535401204,3.79941106428084,0.8115543023275691,1.1846689506094603,False,1e+44
A3921,A3921,0.094,240121945350807.2,153749952761676.1,338505872992514.75,164469572503056.03,106190861681714.05,230339183775786.53,14.216085563585013,0.3847126924632372,3.811075925872602,0.8084560532153194,1.164602144515199,False,2.83e+44
A780,A780,0.0539,238022588480670.7,164425716705893.97,326657350944020.25,163603195350022.47,113794090075139.9,223186194768447.5,14.213791781666176,0.34079041672824417,3.8746366283810705,0.817550104751331,1.1955983791429428,False,2.72e+44
A763,A763,0.0851,235936085170362.6,152027793259847.2,333876824150631.6,161774626163496.9,105098147782853.52,227419469464335.28,14.208910404907053,0.38537774066963204,3.8302260604220044,0.8063616468329791,1.148589832231899,True,1.31e+44
A3571,A3571,0.0391,224333946153032.16,153616247323190.16,309263333705394.3,154558189337727.0,106575603767970.22,211791611395293.56,14.189092021304598,0.3469093488776495,3.9184317947062137,0.8059427497220714,1.2370980961301603,False,3.82e+44
A1023,A1023,0.1176,220060297877755.12,144770175613280.56,307378320975618.5,150688679175257.88,99913062484197.7,209139040366750.7,14.178080626193891,0.3694627039282383,3.8063461184783565,0.7790900600474189,1.1503852619955388,False,1.1e+44
A2428,A2428,0.0825,216279477028794.9,124667376892305.28,318233847975390.2,148571394783150.44,86514761616620.86,217011791471974.03,14.171935200516783,0.44749153674279035,3.863904708256437,0.7844631920971818,1.207447087426977,False,1.44e+44
A1736,A1736,0.0458,185831622391927.47,119732430801334.8,265416427198283.12,128405898659405.23,83396607477941.48,182184600407262.62,14.10858497463929,0.39197848708895744,3.9738582802523412,0.7560599795297692,1.2112250311372117,False,1.6700000000000002e+44
RXCJ1332.9-2519,RXCJ1332.9-2519,0.1199,175032763529734.16,99487350170708.72,263514457735263.03,120351222802565.5,69121579260289.61,179792455686386.25,14.080450507188605,0.46856115465688164,3.8813256514849197,0.7222863992792006,1.228311633072286,False,1.14e+44
A2566,A2566,0.0822,173351327200880.28,119258005273136.08,240277591850531.6,119577345001767.34,82829450176965.4,164734231921085.3,14.077648906469292,0.3490587252244036,3.941205227549527,0.7297703062659997,1.1453965876945025,False,1.2100000000000001e+44
A2055,A2055,0.1021,135594153574095.2,77591126122357.17,208416800677263.6,93807514552365.25,54223078895628.79,143040986706461.56,13.972237629401542,0.48241635463809635,3.9974646969822514,0.668673401490514,1.1744588818961557,True,2.24e+44
A2495,A2495,0.0768,120605155021729.7,60843720912441.82,199752311685041.3,83784042699076.64,42784162946296.76,137486753756147.48,13.923161311856452,0.5758816476276326,4.079141714803982,0.6493088163286548,1.395808729357184,True,1.56e+44
