key,local,dr3,fl,fd
A119,0.00036484787811385226,0.00036373680901724656,1.0,1.0
A1205,0.00020745313407030734,0.00020728259102312135,1.0,1.0
A1307,9.372959544733255e-05,9.372091302514756e-05,1.0,1.0
A1650,0.0006619897283623731,0.0006617132249050161,0.7,0.7075
A1750,0.0006404740130881597,0.0006410487990844502,0.2475,0.255
A1809,0.0001346329141451603,0.00013462686399491082,1.0,1.0
A2033,0.00016660625718111966,0.0001664844728448142,1.0,1.0
A2050,0.00036614701683768613,0.0003641806554258585,1.0,1.0
A2051,0.0002708025962511003,0.0002701132940014526,1.0,1.0
A2052,0.0005794709613929945,0.0005802624955826789,1.0,1.0
A2055,0.00017130790899155704,0.00017144442968509947,1.0,1.0
A2063,0.0001258869866004322,0.0001258631002966716,1.0,1.0
A2147,0.0001055113038389655,0.0001052994797998136,1.0,1.0
A2440,0.0004706984349880221,0.0004692381199689859,0.99999375,0.99999375
A2443,9.343590224721076e-05,9.361095131545203e-05,1.0,1.0
A2495,0.00010926942125294907,0.00010813398531876036,1.0,1.0
A2589,7.69744081871292e-05,7.691740092323562e-05,0.999965625,0.999965625
A2703,8.9379749212702e-05,8.918605693520046e-05,1.0,1.0
A399,0.00016477886660772018,0.0001647949873748589,1.0,1.0
A401,0.00018216494001486083,0.0001820832560270871,1.0,1.0
A763,0.00010257185288469817,0.00010258155451968286,1.0,1.0
