name,ra,dec,shape,finite,rms,cdelt
A401_00,44.446900784313115,15.836372714624112,"(800, 800)",0.999990625,8.404478856778247e-05,0.00041666666666667
A401_01,45.84759454144437,13.692154252879876,"(800, 800)",0.9999875,9.810768617173479e-05,0.00041666666666667
A401_02,47.033588538576566,12.211234405332814,"(800, 800)",1.0,0.00014719797231610513,0.00041666666666667
A401_03,44.44995172050118,11.385069200476096,"(800, 800)",1.0,0.00012814470969023094,0.00041666666666667
A401_04,46.70441276877128,12.751924848023188,"(800, 800)",1.0,0.00013149786675034725,0.00041666666666667
A401_05,47.4475147059639,13.625280244587175,"(800, 800)",1.0,0.00010283178345375796,0.00041666666666667
A401_06,47.47763213349547,14.148648356633188,"(800, 800)",1.0,9.748770813727203e-05,0.00041666666666667
A401_07,45.8908157948869,15.775842755181925,"(800, 800)",1.0,8.683334841632422e-05,0.00041666666666667
A399_00,41.76324965343777,12.34776667495912,"(800, 800)",1.0,0.00010692145791288166,0.00041666666666667
A399_01,43.003583992171,13.796754772480112,"(800, 800)",1.0,9.481105801814898e-05,0.00041666666666667
A399_02,45.23280140974125,13.793784603179922,"(800, 800)",1.0,0.0001034480471429402,0.00041666666666667
A399_03,43.0233512240672,11.180485173852185,"(800, 800)",1.0,9.749527950312545e-05,0.00041666666666667
A399_04,42.744039274635696,14.539087678988658,"(800, 800)",1.0,9.43935597611833e-05,0.00041666666666667
A399_05,47.507173942860334,12.690297320633116,"(800, 800)",1.0,0.00011095807462960893,0.00041666666666667
A399_06,43.045254989673666,11.127738975620812,"(800, 800)",1.0,9.718232350317529e-05,0.00041666666666667
A399_07,42.578306653905145,14.57746541799312,"(800, 800)",1.0,9.44042485670355e-05,0.00041666666666667
A1650_01,193.91218451869997,0.14555119292011898,"(800, 800)",1.0,0.000320193075879633,0.00041666666666667
A1650_03,192.87253933772837,0.4750124052938196,"(800, 800)",1.0,0.00032661098146098336,0.00041666666666667
A1650_04,193.7348128829742,0.16824721185456237,"(800, 800)",1.0,0.00031278872276035156,0.00041666666666667
A1650_05,193.5216399617676,0.10312740284713007,"(800, 800)",1.0,0.00030839605222760815,0.00041666666666667
A2055_00,230.27203974900385,5.215936293564018,"(800, 800)",1.0,0.00015139359592302048,0.00041666666666667
A2055_01,229.8638583265621,8.7984564810183,"(800, 800)",0.99999375,0.00013698195921280326,0.00041666666666667
A2055_02,232.27919185495446,7.220364671075643,"(800, 800)",1.0,0.00012025909829068392,0.00041666666666667
A2055_03,230.67919185047566,7.584589677213689,"(800, 800)",1.0,0.00014764533316408574,0.00041666666666667
A2055_04,230.23705995176272,4.4092655489220105,"(800, 800)",1.0,0.00022033050787484363,0.00041666666666667
A2055_05,231.08343110303284,6.6991751217178805,"(800, 800)",1.0,0.00015186703636880735,0.00041666666666667
A2055_06,230.27066810295904,7.945261783713515,"(800, 800)",1.0,0.0001414968816868022,0.00041666666666667
A2055_07,228.65076511563038,5.658644048848459,"(800, 800)",1.0,0.00013370296111865285,0.00041666666666667
A1750_02,204.0739702801721,-0.805286437504952,"(800, 800)",1.0,0.0003100677852850464,0.00041666666666667
A1750_05,200.92661751311627,-0.9646741168569858,"(800, 800)",1.0,0.0003337667435659358,0.00041666666666667
A1750_07,199.90238519317333,-1.1501208244584422,"(800, 800)",1.0,0.0004897984737035083,0.00041666666666667
A1307_00,170.62199772578538,14.510732741219575,"(800, 800)",1.0,7.242604371753044e-05,0.00041666666666667
A1307_01,173.69006468368988,12.463195441299257,"(800, 800)",0.99999375,9.970011951978754e-05,0.00041666666666667
A1307_02,173.0375086912,12.649375043790362,"(800, 800)",1.0,9.070863305161335e-05,0.00041666666666667
A1307_03,175.4872537578514,13.467090752986724,"(800, 800)",1.0,0.00013122576728775563,0.00041666666666667
A1307_04,173.05388677105137,13.250809812645514,"(800, 800)",1.0,8.726804022194609e-05,0.00041666666666667
A1307_05,176.1014335149744,13.898561151703056,"(800, 800)",1.0,0.00011987844002079806,0.00041666666666667
A1307_06,173.91385815800658,13.692037642971417,"(800, 800)",1.0,0.00015728561272885565,0.00041666666666667
A1307_07,176.15939018820796,13.683103090096957,"(800, 800)",1.0,0.00012775169004291642,0.00041666666666667
A2440_00,337.24906249229264,-1.8620482218649368,"(800, 800)",1.0,0.00033637847259593686,0.00041666666666667
A2440_02,336.18663518992685,0.30796711306674873,"(800, 800)",1.0,0.00019769796011093587,0.00041666666666667
A2440_03,338.2817988252213,-2.843457666852374,"(800, 800)",1.0,0.0003631802996038181,0.00041666666666667
A2440_04,334.48244394454355,-2.011112573566855,"(800, 800)",1.0,0.00041164200597595995,0.00041666666666667
A2440_05,337.68269569000205,-2.431887849789109,"(800, 800)",1.0,0.00035926600189655216,0.00041666666666667
A2440_06,335.84790468188163,-2.714119860652728,"(800, 800)",1.0,0.0007174706491800835,0.00041666666666667
A2440_07,338.1639608692334,-1.2448815420128632,"(800, 800)",1.0,0.000237560661499074,0.00041666666666667
A2443_00,339.0556305909236,17.624599900451138,"(800, 800)",1.0,9.306444501968408e-05,0.00041666666666667
A2443_01,333.8850777813073,17.178527608181057,"(800, 800)",1.0,7.788308405809965e-05,0.00041666666666667
A2443_02,339.26840055762636,18.532946378278528,"(800, 800)",1.0,8.826698385632333e-05,0.00041666666666667
A2443_03,339.09365469801713,18.471485191128565,"(800, 800)",1.0,9.026662251033287e-05,0.00041666666666667
A2443_04,334.90116611884145,18.096110277267748,"(800, 800)",0.99999375,9.460038922656437e-05,0.00041666666666667
A2443_05,333.68620024300117,16.262490486864497,"(800, 800)",1.0,8.48481924465028e-05,0.00041666666666667
A2443_06,336.59386514742494,18.895653704224436,"(800, 800)",0.99999375,8.764775814617657e-05,0.00041666666666667
A2443_07,336.9565779650718,20.12438811583046,"(800, 800)",1.0,8.856490733159046e-05,0.00041666666666667
A2050_00,228.78198699513757,1.3130577920183253,"(800, 800)",1.0,0.00022664342287673935,0.00041666666666667
A2050_01,227.03188238403484,-0.6241306609126547,"(800, 800)",1.0,0.00037476452320323896,0.00041666666666667
A2050_02,226.64713651205497,-0.8715523440739743,"(800, 800)",1.0,0.00045001386953570535,0.00041666666666667
A2050_03,227.7332994233949,0.920547205457979,"(800, 800)",1.0,0.00031468637963397953,0.00041666666666667
A2050_04,227.23273010752317,-1.7816652480551936,"(800, 800)",1.0,0.0007136132546182477,0.00041666666666667
A2050_05,227.08884546520346,2.234704205481391,"(800, 800)",1.0,0.0001829524719473184,0.00041666666666667
A2050_06,227.33054633157565,-1.0715144596776063,"(800, 800)",1.0,0.000476998023248536,0.00041666666666667
A2050_07,230.72766160315427,2.2356261609852157,"(800, 800)",1.0,0.0002171394755977673,0.00041666666666667
A2703_00,2.9263051553449744,15.238140260672683,"(800, 800)",0.9999875,7.870810746502874e-05,0.00041666666666667
A2703_01,1.8365477236680254,15.23524205370549,"(800, 800)",1.0,9.272441652648041e-05,0.00041666666666667
A2703_02,2.2493859453631244,14.604600680667453,"(800, 800)",1.0,8.900151027592703e-05,0.00041666666666667
A2703_03,0.6345665302624011,16.974849479376743,"(800, 800)",0.99999375,7.879808892558167e-05,0.00041666666666667
A2703_04,0.6509475664975167,15.262709196186693,"(800, 800)",1.0,9.035580629921136e-05,0.00041666666666667
A2703_05,0.8709106247815731,14.730286720457816,"(800, 800)",1.0,8.954382297144999e-05,0.00041666666666667
A2703_06,3.4656098017646997,18.27502209124226,"(800, 800)",1.0,7.540916855376214e-05,0.00041666666666667
A2703_07,4.000305469106681,17.206266505694046,"(800, 800)",1.0,7.275636219618444e-05,0.00041666666666667
A2495_00,340.96365968424664,11.6522896404656,"(800, 800)",1.0,0.00010428043726929628,0.00041666666666667
A2495_01,344.58012609391756,10.608579967054776,"(800, 800)",1.0,0.00010368685971256547,0.00041666666666667
A2495_02,341.64249573767603,13.278897230102174,"(800, 800)",1.0,0.00010778612586353521,0.00041666666666667
A2495_03,343.60916268989746,9.733128527305935,"(800, 800)",1.0,0.0001073525497566144,0.00041666666666667
A2495_04,339.7847283643194,10.71429642275191,"(800, 800)",1.0,0.00010868722164756641,0.00041666666666667
A2495_05,344.30842809274515,10.846083586353904,"(800, 800)",1.0,9.908072494909406e-05,0.00041666666666667
A2495_06,343.2755210317796,12.388202037583838,"(800, 800)",1.0,0.00010956456726958335,0.00041666666666667
A2495_07,343.654929107059,8.348820118022726,"(800, 800)",1.0,9.563843993143398e-05,0.00041666666666667
A2052_00,231.45071850613132,6.416594350516901,"(800, 800)",1.0,0.0001410606197528208,0.00041666666666667
A2052_01,229.14853747641814,4.168743511476299,"(800, 800)",0.99999375,0.0001397709898878703,0.00041666666666667
A2052_02,229.22949913847464,9.740965504937545,"(800, 800)",1.0,0.00013970708391709147,0.00041666666666667
A2052_03,228.559307660221,5.895902700651285,"(800, 800)",1.0,0.00013582053821796017,0.00041666666666667
A2052_04,230.40501798731304,9.126722644942594,"(800, 800)",1.0,0.0001414848343600656,0.00041666666666667
A2052_05,230.70234299303468,6.062704358467018,"(800, 800)",1.0,0.00016570745173695092,0.00041666666666667
A2052_06,227.29882078548354,6.0168381649821185,"(800, 800)",1.0,0.00013204878140463455,0.00041666666666667
A2052_07,227.80056882039486,6.794025921115415,"(800, 800)",0.9999984375,0.00013970172215655802,0.00041666666666667
A119_00,15.815529852962818,-0.13481459168145493,"(800, 800)",1.0,0.00018635754823811087,0.00041666666666667
A119_01,11.406809844642233,-2.5054284452872118,"(800, 800)",1.0,0.0003533120150248338,0.00041666666666667
A119_02,14.223755356405668,-2.222579325835669,"(800, 800)",1.0,0.00033208479788043036,0.00041666666666667
A119_03,11.579435163952253,-2.8021496769861685,"(800, 800)",1.0,0.00038117226154353264,0.00041666666666667
A119_04,14.707292029987027,0.29460458595993866,"(800, 800)",1.0,0.0001998302549531014,0.00041666666666667
A119_05,14.87298703156424,0.9869510560727874,"(800, 800)",1.0,0.0001509441461593768,0.00041666666666667
A119_06,12.352601539835504,-2.5113048025479756,"(800, 800)",1.0,0.00042708545238730503,0.00041666666666667
A119_07,16.708489064067283,0.06287909577191009,"(800, 800)",1.0,0.00018448374896222908,0.00041666666666667
A2033_00,227.77563433437913,4.321429575899552,"(800, 800)",1.0,0.0001569895700978292,0.00041666666666667
A2033_01,226.80873821772033,7.195974126572474,"(800, 800)",1.0,0.00017105665593879918,0.00041666666666667
A2033_02,227.67933998890533,5.207111676088514,"(800, 800)",1.0,0.00015189641454832316,0.00041666666666667
A2033_03,226.91367044070694,7.03995882215698,"(800, 800)",1.0,0.00014484898447776197,0.00041666666666667
A2033_04,225.12531218620427,6.795691557697746,"(800, 800)",1.0,0.00012346080145048875,0.00041666666666667
A2033_05,228.13261222666202,3.5088734613102193,"(800, 800)",0.999990625,0.0001594365413878153,0.00041666666666667
A2033_06,229.84224938564543,8.351561862579075,"(800, 800)",1.0,0.0001279955435560055,0.00041666666666667
A2033_07,228.8943160799603,6.810549094034827,"(800, 800)",1.0,0.00017566444292430915,0.00041666666666667
A2147_00,238.70194751774966,13.977029003912225,"(800, 800)",1.0,0.00011447822302590993,0.00041666666666667
A2147_01,241.66160291064554,17.72622502547972,"(800, 800)",1.0,0.0001046890578460184,0.00041666666666667
A2147_02,239.5560510145106,18.15633733448333,"(800, 800)",0.9999875,9.812836937194131e-05,0.00041666666666667
A2147_03,238.13069681410371,16.617028707696203,"(800, 800)",1.0,8.803965062529435e-05,0.00041666666666667
A2147_04,241.09236033719216,14.067315188165239,"(800, 800)",0.999996875,0.00010383515831843129,0.00041666666666667
A2147_05,239.49757236547342,15.457006305799244,"(800, 800)",1.0,9.389528420187865e-05,0.00041666666666667
A2147_06,241.0950228179827,14.717533944625082,"(800, 800)",1.0,9.306141513060523e-05,0.00041666666666667
A2147_07,242.63097333204246,15.879643975616489,"(800, 800)",1.0,9.098161109805947e-05,0.00041666666666667
A763_00,139.50018782736242,15.625474004134137,"(800, 800)",1.0,9.835277928544437e-05,0.00041666666666667
A763_01,135.42872075981666,16.245642398370805,"(800, 800)",1.0,8.459134004655857e-05,0.00041666666666667
A763_02,135.95501345662214,14.358053449234129,"(800, 800)",0.99999375,0.00012443078346535352,0.00041666666666667
A763_03,140.16619038540702,14.74767310601067,"(800, 800)",1.0,0.00011297476593416889,0.00041666666666667
A763_04,138.71562636985817,14.96685334103381,"(800, 800)",1.0,0.00010084677839347128,0.00041666666666667
A763_05,137.27478922936282,17.50865134927963,"(800, 800)",1.0,8.805504347480092e-05,0.00041666666666667
A763_06,138.717171622025,13.00914334896677,"(800, 800)",1.0,0.000142208007718033,0.00041666666666667
A763_07,136.2990110306347,16.86091693927915,"(800, 800)",1.0,8.34639860304651e-05,0.00041666666666667
A2051_00,231.49728033421707,2.3793881920724256,"(800, 800)",1.0,0.00019901408294100903,0.00041666666666667
A2051_01,229.7287747988465,-1.3940676151809248,"(800, 800)",1.0,0.000709890357998768,0.00041666666666667
A2051_02,227.99811694354517,3.284958110485289,"(800, 800)",1.0,0.0001718863627739668,0.00041666666666667
A2051_03,229.54114492578157,3.5121825330828074,"(800, 800)",1.0,0.00016050085899626116,0.00041666666666667
A2051_04,227.64147942119874,1.8049642495097935,"(800, 800)",1.0,0.00023207903243567575,0.00041666666666667
A2051_05,230.72410265924614,2.303814130546657,"(800, 800)",1.0,0.00021393987120766115,0.00041666666666667
A2051_06,230.95414353022136,0.9534269757962079,"(800, 800)",1.0,0.00027014007668604275,0.00041666666666667
A2051_07,230.62673483865876,-1.0460685843197766,"(800, 800)",0.9999890625,0.0006239128130320266,0.00041666666666667
A2063_00,230.4010834637589,7.3756314902386215,"(800, 800)",1.0,0.00014763694642394234,0.00041666666666667
A2063_01,233.42278173167247,8.298978452313712,"(800, 800)",1.0,0.00011426326108832056,0.00041666666666667
A2063_02,228.3466313128924,9.833560858566699,"(800, 800)",0.9999875,0.00013936201468265654,0.00041666666666667
A2063_03,233.7194877027449,8.118409128175667,"(800, 800)",1.0,0.000113704166912334,0.00041666666666667
A2063_04,230.81375571096459,6.593116696968023,"(800, 800)",1.0,0.00015187377221801177,0.00041666666666667
A2063_05,227.93899629887113,9.022205665629333,"(800, 800)",1.0,0.0001336050559027254,0.00041666666666667
A2063_06,229.94824212542744,5.9977435901274845,"(800, 800)",1.0,0.00014281462307314452,0.00041666666666667
A2063_07,230.9470795560447,7.021908002119296,"(800, 800)",1.0,0.0001348066123031032,0.00041666666666667
A1205_00,170.12353148919564,3.7207454711039345,"(800, 800)",1.0,0.00015103504784467426,0.00041666666666667
A1205_01,169.93749623074052,3.3267659383576356,"(800, 800)",1.0,0.00016449008989033884,0.00041666666666667
A1205_02,166.5781171024854,3.377437608780765,"(800, 800)",1.0,0.00014973857335325434,0.00041666666666667
A1205_03,166.75693816861323,1.5765977976987908,"(800, 800)",1.0,0.00024206976970260827,0.00041666666666667
A1205_04,169.47980740629868,2.026573376813165,"(800, 800)",1.0,0.0002172307393237706,0.00041666666666667
A1205_05,169.39893519105138,0.4118366328758216,"(800, 800)",1.0,0.00039851963040424824,0.00041666666666667
A1205_06,165.920079244747,1.1334007406895776,"(800, 800)",1.0,0.0002590546016643703,0.00041666666666667
A1205_07,168.08100776891428,1.481043023671039,"(800, 800)",1.0,0.00023608723373033942,0.00041666666666667
A1809_00,209.2336877638518,3.260854311082759,"(800, 800)",1.0,0.00014220101507941388,0.00041666666666667
A1809_01,209.05018152623452,3.256530350527427,"(800, 800)",1.0,0.00014972771199839964,0.00041666666666667
A1809_02,206.4661540531025,7.576064055005624,"(800, 800)",1.0,0.000122132607185542,0.00041666666666667
A1809_03,207.20123976649478,6.004521653749807,"(800, 800)",1.0,0.00013568970423194547,0.00041666666666667
A1809_04,205.91116819929485,6.093834909684098,"(800, 800)",1.0,0.0001276809314469364,0.00041666666666667
A1809_05,209.7767192649467,6.721841076256659,"(800, 800)",0.99999375,0.00011116714849485541,0.00041666666666667
A1809_06,207.7851982552322,7.568572755268319,"(800, 800)",1.0,0.00011963071877910208,0.00041666666666667
A1809_07,209.1523295672976,4.1122410832221385,"(800, 800)",0.999990625,0.00013135002298143546,0.00041666666666667
A2589_00,348.75425335565444,17.017011492727978,"(800, 800)",1.0,9.393738349676335e-05,0.00041666666666667
A2589_01,353.4959965251705,18.249407944603618,"(800, 800)",1.0,7.697305393699026e-05,0.00041666666666667
A2589_02,349.77985938623624,18.920838446180525,"(800, 800)",1.0,8.460186894387715e-05,0.00041666666666667
A2589_03,350.3316830915812,15.607187821746068,"(800, 800)",1.0,8.025616671771842e-05,0.00041666666666667
A2589_04,350.0953084623709,18.32273706658687,"(800, 800)",1.0,9.073775184137187e-05,0.00041666666666667
A2589_05,351.9296767280032,19.552078031242594,"(800, 800)",1.0,7.545130585831013e-05,0.00041666666666667
A2589_06,353.0640755095673,17.114274765569274,"(800, 800)",1.0,7.321570319916835e-05,0.00041666666666667
A2589_07,351.99579050483635,15.922769392359987,"(800, 800)",1.0,8.485578168614394e-05,0.00041666666666667
